{
  "n_particles": 20000,
  "n_frames": 200,
  "n_mw": 10000,
  "n_m31": 10000,
  "time_unit_myr": 35.6,
  "length_unit_kpc": 8.0,
  "velocity_unit_kms": 220.0,
  "t_max": 300.0,
  "t_max_gyr": 10.68,
  "softening": 0.02,
  "v_max_normalized": 2.3230464458465576,
  "times_natural": [
    0.0,
    1.5075377225875854,
    3.015075445175171,
    4.522613048553467,
    6.030150890350342,
    7.537688255310059,
    9.045226097106934,
    10.552763938903809,
    12.060301780700684,
    13.567839622497559,
    15.075376510620117,
    16.582914352416992,
    18.090452194213867,
    19.597990036010742,
    21.105527877807617,
    22.613065719604492,
    24.120603561401367,
    25.628141403198242,
    27.135679244995117,
    28.64321517944336,
    30.150753021240234,
    31.65829086303711,
    33.165828704833984,
    34.67336654663086,
    36.180904388427734,
    37.68844223022461,
    39.195980072021484,
    40.70351791381836,
    42.211055755615234,
    43.71859359741211,
    45.226131439208984,
    46.73366928100586,
    48.241207122802734,
    49.74874496459961,
    51.256282806396484,
    52.76382064819336,
    54.271358489990234,
    55.77889633178711,
    57.28643035888672,
    58.793968200683594,
    60.30150604248047,
    61.809043884277344,
    63.31658172607422,
    64.8241195678711,
    66.33165740966797,
    67.83919525146484,
    69.34673309326172,
    70.8542709350586,
    72.36180877685547,
    73.86934661865234,
    75.37688446044922,
    76.8844223022461,
    78.39196014404297,
    79.89949798583984,
    81.40703582763672,
    82.9145736694336,
    84.42211151123047,
    85.92964935302734,
    87.43718719482422,
    88.9447250366211,
    90.45226287841797,
    91.95980072021484,
    93.46733856201172,
    94.9748764038086,
    96.48241424560547,
    97.98995208740234,
    99.49748992919922,
    101.0050277709961,
    102.51256561279297,
    104.02010345458984,
    105.52764129638672,
    107.0351791381836,
    108.54271697998047,
    110.05025482177734,
    111.55779266357422,
    113.06532287597656,
    114.57286071777344,
    116.08039855957031,
    117.58793640136719,
    119.09547424316406,
    120.60301208496094,
    122.11054992675781,
    123.61808776855469,
    125.12562561035156,
    126.63316345214844,
    128.1407012939453,
    129.6482391357422,
    131.15577697753906,
    132.66331481933594,
    134.1708526611328,
    135.6783905029297,
    137.18592834472656,
    138.69346618652344,
    140.2010040283203,
    141.7085418701172,
    143.21607971191406,
    144.72361755371094,
    146.2311553955078,
    147.7386932373047,
    149.24623107910156,
    150.75376892089844,
    152.2613067626953,
    153.7688446044922,
    155.27638244628906,
    156.78392028808594,
    158.2914581298828,
    159.7989959716797,
    161.30653381347656,
    162.81407165527344,
    164.3216094970703,
    165.8291473388672,
    167.33668518066406,
    168.84422302246094,
    170.3517608642578,
    171.8592987060547,
    173.36683654785156,
    174.87437438964844,
    176.3819122314453,
    177.8894500732422,
    179.39698791503906,
    180.90452575683594,
    182.4120635986328,
    183.9196014404297,
    185.42713928222656,
    186.93467712402344,
    188.4422149658203,
    189.9497528076172,
    191.45729064941406,
    192.96482849121094,
    194.4723663330078,
    195.9799041748047,
    197.48744201660156,
    198.99497985839844,
    200.5025177001953,
    202.0100555419922,
    203.51759338378906,
    205.02513122558594,
    206.5326690673828,
    208.0402069091797,
    209.54774475097656,
    211.05528259277344,
    212.5628204345703,
    214.0703582763672,
    215.57789611816406,
    217.08543395996094,
    218.5929718017578,
    220.1005096435547,
    221.60804748535156,
    223.11558532714844,
    224.6231231689453,
    226.13064575195312,
    227.63818359375,
    229.14572143554688,
    230.65325927734375,
    232.16079711914062,
    233.6683349609375,
    235.17587280273438,
    236.68341064453125,
    238.19094848632812,
    239.698486328125,
    241.20602416992188,
    242.71356201171875,
    244.22109985351562,
    245.7286376953125,
    247.23617553710938,
    248.74371337890625,
    250.25125122070312,
    251.7587890625,
    253.26632690429688,
    254.77386474609375,
    256.2814025878906,
    257.7889404296875,
    259.2964782714844,
    260.80401611328125,
    262.3115539550781,
    263.819091796875,
    265.3266296386719,
    266.83416748046875,
    268.3417053222656,
    269.8492431640625,
    271.3567810058594,
    272.86431884765625,
    274.3718566894531,
    275.87939453125,
    277.3869323730469,
    278.89447021484375,
    280.4020080566406,
    281.9095458984375,
    283.4170837402344,
    284.92462158203125,
    286.4321594238281,
    287.939697265625,
    289.4472351074219,
    290.95477294921875,
    292.4623107910156,
    293.9698486328125,
    295.4773864746094,
    296.98492431640625,
    298.4924621582031,
    300.0
  ],
  "has_rebound": false,
  "has_galpy": false,
  "events": [
    {
      "t": 0.0,
      "label": "Today",
      "description": "2.5 million light-years apart"
    },
    {
      "t": 100.0,
      "label": "First tidal distortion",
      "description": "Gravitational tides begin to distort both galaxies"
    },
    {
      "t": 115.0,
      "label": "First passage",
      "description": "The galaxies pass through each other"
    },
    {
      "t": 145.0,
      "label": "Second approach",
      "description": "Gravity pulls them back together"
    },
    {
      "t": 200.0,
      "label": "Cores merging",
      "description": "The galactic cores begin to spiral inward"
    },
    {
      "t": 280.0,
      "label": "Milkomeda",
      "description": "A giant elliptical galaxy is born"
    }
  ]
}